subscription_id,account_id,subscription_state,start_date,end_date,cancelled_date,renewed_from_subscription_id,creation_time,updated_at
subsc_a19a4e69a26dfab1,sub_98edab9547d40425,EXPIRED,2024-01-21,2025-01-20,,,2024-01-21T09:25:54Z,2024-01-21T11:51:35Z
subsc_65583e17f6419519,sub_98edab9547d40425,EXPIRED,2025-01-21,2026-01-21,,subsc_a19a4e69a26dfab1,2025-01-21T09:16:34Z,2025-01-21T11:07:29Z
subsc_4d78827d089ec43a,sub_98edab9547d40425,ACTIVE,2026-01-22,2027-01-22,,subsc_65583e17f6419519,2026-01-22T09:37:24Z,2026-01-22T11:52:40Z
subsc_72f600682a70ef3e,sub_c6f2c7e0c70ea994,EXPIRED,2023-07-27,2024-07-26,,,2023-07-27T09:39:56Z,2023-07-27T11:35:20Z
subsc_88aa17e561691655,sub_c6f2c7e0c70ea994,EXPIRED,2024-07-27,2025-07-27,,subsc_72f600682a70ef3e,2024-07-27T09:40:52Z,2024-07-27T11:29:58Z
subsc_cf107639354bc566,sub_c6f2c7e0c70ea994,ACTIVE,2025-07-28,2026-07-28,,subsc_88aa17e561691655,2025-07-28T09:08:02Z,2025-07-28T11:02:19Z
subsc_a82ca3b2742b2dae,sub_3a94604070d939dc,EXPIRED,2023-10-03,2024-10-02,,,2023-10-03T09:08:24Z,2023-10-03T11:29:23Z
subsc_3381c4343b3d8cd4,sub_3a94604070d939dc,EXPIRED,2024-10-03,2025-10-03,,subsc_a82ca3b2742b2dae,2024-10-03T09:26:37Z,2024-10-03T11:47:46Z
subsc_f2254e7f581a529b,sub_3a94604070d939dc,ACTIVE,2025-10-04,2026-10-04,,subsc_3381c4343b3d8cd4,2025-10-04T09:53:31Z,2025-10-04T11:39:26Z
subsc_f93f44bd083d868e,sub_adbbced8587feb0a,CANCELED,2023-10-15,2024-05-31,2024-05-31,,2023-10-15T09:28:28Z,2024-06-01T11:15:54Z
subsc_62778acc8837949b,sub_52365ed8b4c3756f,EXPIRED,2024-04-04,2025-04-04,,,2024-04-04T09:41:22Z,2024-04-04T11:03:25Z
subsc_c1d9546aae95f949,sub_52365ed8b4c3756f,EXPIRED,2025-04-05,2026-04-05,,subsc_62778acc8837949b,2025-04-05T09:05:42Z,2025-04-05T11:13:41Z
subsc_f676fe3cd84406ac,sub_52365ed8b4c3756f,ACTIVE,2026-04-06,2027-04-06,,subsc_c1d9546aae95f949,2026-04-06T09:50:21Z,2026-04-06T11:15:08Z
subsc_eb4ac704ade6917d,sub_03638b68798132cd,EXPIRED,2023-07-20,2024-07-19,,,2023-07-20T09:13:37Z,2023-07-20T11:13:52Z
subsc_dd3160e4dff89834,sub_03638b68798132cd,EXPIRED,2024-07-20,2025-07-20,,subsc_eb4ac704ade6917d,2024-07-20T09:50:57Z,2024-07-20T11:38:00Z
subsc_4a4e4532ffd5357b,sub_03638b68798132cd,ACTIVE,2025-07-21,2026-07-21,,subsc_dd3160e4dff89834,2025-07-21T09:34:16Z,2025-07-21T11:51:11Z
subsc_e7eea21ad159a7dc,sub_a5614ebe48f8df0f,CANCELED,2023-11-25,2024-01-11,2024-01-11,,2023-11-25T09:50:50Z,2024-01-13T11:15:37Z
subsc_4f3f2c334af0f314,sub_95dd23f581e3369e,EXPIRED,2023-06-12,2024-06-11,,,2023-06-12T09:07:47Z,2023-11-04T11:04:30Z
subsc_507db4215bb4be20,sub_95dd23f581e3369e,EXPIRED,2024-06-12,2025-06-12,,subsc_4f3f2c334af0f314,2024-06-12T09:06:28Z,2024-06-12T11:32:14Z
subsc_1c9f7c78f2c4556e,sub_95dd23f581e3369e,ACTIVE,2025-06-13,2026-06-13,,subsc_507db4215bb4be20,2025-06-13T09:29:41Z,2026-01-05T11:01:03Z
subsc_8aef2bba460a4176,sub_b32c555b6f310d3a,EXPIRED,2024-03-02,2025-03-02,,,2024-03-02T09:31:45Z,2024-03-02T11:58:28Z
subsc_803bbbbcb9b4d778,sub_b32c555b6f310d3a,EXPIRED,2025-03-03,2026-03-03,,subsc_8aef2bba460a4176,2025-03-03T09:08:17Z,2025-09-06T11:39:40Z
subsc_d68b71dded548cee,sub_b32c555b6f310d3a,ACTIVE,2026-03-04,2027-03-04,,subsc_803bbbbcb9b4d778,2026-03-04T09:38:33Z,2026-03-04T11:18:29Z
subsc_1b27b1826047d1ca,sub_a7a7714c6f6e623f,EXPIRED,2023-09-28,2024-09-27,,,2023-09-28T09:54:41Z,2023-09-28T11:41:56Z
subsc_aff6e32c298fca23,sub_a7a7714c6f6e623f,EXPIRED,2024-09-28,2025-09-28,,subsc_1b27b1826047d1ca,2024-09-28T09:27:28Z,2024-09-28T11:56:14Z
subsc_30422b03fb591596,sub_a7a7714c6f6e623f,ACTIVE,2025-09-29,2026-09-29,,subsc_aff6e32c298fca23,2025-09-29T09:26:46Z,2025-09-29T11:06:20Z
subsc_1be5f80f38443aee,sub_b3e99fe1b528effb,EXPIRED,2024-08-05,2025-08-05,,,2024-08-05T09:43:59Z,2024-08-05T11:30:04Z
subsc_bb3a2fb765920f25,sub_b3e99fe1b528effb,ACTIVE,2025-08-06,2026-08-06,,subsc_1be5f80f38443aee,2025-08-06T09:51:08Z,2025-12-25T11:35:03Z
subsc_45e2fbefa161ac9c,sub_71061b907e4517a2,EXPIRED,2024-03-25,2025-03-25,,,2024-03-25T09:26:22Z,2024-03-25T11:55:42Z
subsc_9210e5a3f39d7ade,sub_71061b907e4517a2,EXPIRED,2025-03-26,2026-03-26,,subsc_45e2fbefa161ac9c,2025-03-26T09:18:38Z,2025-03-26T11:19:22Z
subsc_05d6eb4568010221,sub_71061b907e4517a2,ACTIVE,2026-03-27,2027-03-27,,subsc_9210e5a3f39d7ade,2026-03-27T09:42:30Z,2026-03-27T11:14:54Z
subsc_2a3b1b6dfea08d2e,sub_f86dc17c9a57d565,EXPIRED,2023-10-12,2024-10-11,,,2023-10-12T09:14:51Z,2024-01-30T11:27:54Z
subsc_46eb8943c4dc432e,sub_f86dc17c9a57d565,EXPIRED,2024-10-12,2025-10-12,,subsc_2a3b1b6dfea08d2e,2024-10-12T09:39:43Z,2024-10-12T11:41:35Z
subsc_e99ac46e72337a27,sub_f86dc17c9a57d565,CANCELED,2025-10-13,2026-04-07,2026-04-07,subsc_46eb8943c4dc432e,2025-10-13T09:17:44Z,2026-04-07T11:48:19Z
subsc_6b4d4d7a8d527ae7,sub_3d43affbeaf5bfac,CANCELED,2023-09-28,2024-01-19,2024-01-19,,2023-09-28T09:42:25Z,2024-01-23T11:04:09Z
subsc_1e87c7b932fa1fd4,sub_36b1cf01bd32bd2f,EXPIRED,2024-04-28,2025-04-28,,,2024-04-28T09:24:26Z,2024-04-28T11:29:21Z
subsc_35287f209536c5c4,sub_36b1cf01bd32bd2f,EXPIRED,2025-04-29,2026-04-29,,subsc_1e87c7b932fa1fd4,2025-04-29T09:49:36Z,2025-04-29T11:38:05Z
subsc_35d5f9f946de3b1f,sub_36b1cf01bd32bd2f,ACTIVE,2026-04-30,2027-04-30,,subsc_35287f209536c5c4,2026-04-30T09:03:43Z,2026-04-30T11:05:17Z
subsc_2960796a04392fc5,sub_f8426c08b3bbd87d,EXPIRED,2023-11-08,2024-11-07,,,2023-11-08T09:17:13Z,2023-11-08T11:48:32Z
subsc_a56133cf4d7be182,sub_f8426c08b3bbd87d,EXPIRED,2024-11-08,2025-11-08,,subsc_2960796a04392fc5,2024-11-08T09:43:43Z,2024-11-08T11:37:31Z
subsc_ef5fd7642f7f8774,sub_f8426c08b3bbd87d,ACTIVE,2025-11-09,2026-11-09,,subsc_a56133cf4d7be182,2025-11-09T09:25:38Z,2025-11-09T11:03:00Z
subsc_f6297c608685062f,sub_42a3893529252e98,EXPIRED,2023-11-24,2024-11-23,,,2023-11-24T09:20:07Z,2024-03-02T11:00:31Z
subsc_6497834ba4016b74,sub_42a3893529252e98,EXPIRED,2024-11-24,2025-11-24,,subsc_f6297c608685062f,2024-11-24T09:34:45Z,2024-11-24T11:14:32Z
subsc_e94997a166a002f0,sub_42a3893529252e98,ACTIVE,2025-11-25,2026-11-25,,subsc_6497834ba4016b74,2025-11-25T09:04:25Z,2025-11-25T11:55:47Z
subsc_c855ddac9a5a89cd,sub_ba77dad4d3cc9ae0,EXPIRED,2023-11-14,2024-11-13,,,2023-11-14T09:27:36Z,2024-03-12T11:25:45Z
subsc_e17a4357deca2e6f,sub_ba77dad4d3cc9ae0,EXPIRED,2024-11-14,2025-11-14,,subsc_c855ddac9a5a89cd,2024-11-14T09:01:20Z,2024-11-14T11:10:51Z
subsc_6881c0513550407d,sub_ba77dad4d3cc9ae0,ACTIVE,2025-11-15,2026-11-15,,subsc_e17a4357deca2e6f,2025-11-15T09:05:27Z,2025-11-15T11:54:06Z
subsc_93ce636330b82ea3,sub_33794e133723c3d8,EXPIRED,2023-09-09,2024-09-08,,,2023-09-09T09:14:21Z,2024-01-01T11:49:10Z
subsc_44c11595e96ab91a,sub_33794e133723c3d8,EXPIRED,2024-09-09,2025-09-09,,subsc_93ce636330b82ea3,2024-09-09T09:32:12Z,2024-09-09T11:57:49Z
subsc_0fa12703c2fc98ae,sub_33794e133723c3d8,ACTIVE,2025-09-10,2026-09-10,,subsc_44c11595e96ab91a,2025-09-10T09:15:06Z,2025-09-10T11:09:16Z
subsc_f97f7f40bb83f633,sub_3660e6311af1da55,EXPIRED,2023-12-24,2024-12-23,,,2023-12-24T09:04:11Z,2023-12-24T11:49:40Z
subsc_202033ec4bae6e7e,sub_3660e6311af1da55,EXPIRED,2024-12-24,2025-12-24,,subsc_f97f7f40bb83f633,2024-12-24T09:28:43Z,2024-12-24T11:59:56Z
subsc_b13fb6b4563e6cf2,sub_3660e6311af1da55,ACTIVE,2025-12-25,2026-12-25,,subsc_202033ec4bae6e7e,2025-12-25T09:20:55Z,2025-12-25T11:40:20Z
subsc_54db471d150318b3,sub_1b9d3cbd45392538,EXPIRED,2023-10-04,2024-10-03,,,2023-10-04T09:50:17Z,2023-10-04T11:37:03Z
subsc_b4074cee63dc972b,sub_1b9d3cbd45392538,EXPIRED,2024-10-04,2025-10-04,,subsc_54db471d150318b3,2024-10-04T09:03:23Z,2025-03-08T11:53:18Z
subsc_cac0bab6cb33e729,sub_1b9d3cbd45392538,ACTIVE,2025-10-05,2026-10-05,,subsc_b4074cee63dc972b,2025-10-05T09:39:38Z,2025-10-05T11:32:24Z
subsc_8e121b5cdbe7276b,sub_69d9463b01c9a315,EXPIRED,2024-06-13,2025-06-13,,,2024-06-13T09:02:28Z,2024-06-13T11:58:51Z
subsc_d23c9d8270636d30,sub_69d9463b01c9a315,ACTIVE,2025-06-14,2026-06-14,,subsc_8e121b5cdbe7276b,2025-06-14T09:30:32Z,2025-06-14T11:09:03Z
subsc_d052ff8beb2b1d82,sub_fb6dbb08135d109c,EXPIRED,2023-11-15,2024-11-14,,,2023-11-15T09:45:05Z,2023-11-15T11:32:41Z
subsc_749604b20d2c30e0,sub_fb6dbb08135d109c,EXPIRED,2024-11-15,2025-11-15,,subsc_d052ff8beb2b1d82,2024-11-15T09:28:33Z,2024-11-15T11:33:39Z
subsc_8db1f6096e56ea45,sub_fb6dbb08135d109c,ACTIVE,2025-11-16,2026-11-16,,subsc_749604b20d2c30e0,2025-11-16T09:24:26Z,2025-11-16T11:49:21Z
subsc_87b03addf70972ca,sub_50a679a5cf031153,EXPIRED,2023-11-11,2024-11-10,,,2023-11-11T09:04:21Z,2023-11-11T11:06:35Z
subsc_9f6f142190db6672,sub_50a679a5cf031153,EXPIRED,2024-11-11,2025-11-11,,subsc_87b03addf70972ca,2024-11-11T09:55:09Z,2024-11-11T11:21:05Z
subsc_4310a9477f6fd7d9,sub_50a679a5cf031153,ACTIVE,2025-11-12,2026-11-12,,subsc_9f6f142190db6672,2025-11-12T09:08:38Z,2026-03-15T11:45:05Z
subsc_19dd4d0c7bd11b31,sub_fe0b1fe54edc1f84,EXPIRED,2024-06-18,2025-06-18,,,2024-06-18T09:08:42Z,2024-06-18T11:44:53Z
subsc_b7d39cde54e0db51,sub_fe0b1fe54edc1f84,ACTIVE,2025-06-19,2026-06-19,,subsc_19dd4d0c7bd11b31,2025-06-19T09:05:41Z,2025-06-19T11:42:27Z
subsc_7e8db2c19b8bd837,sub_35b8d570e045e47a,EXPIRED,2023-10-24,2024-10-23,,,2023-10-24T09:13:21Z,2023-10-24T11:49:31Z
subsc_5cc81233dda55aaf,sub_35b8d570e045e47a,EXPIRED,2024-10-24,2025-10-24,,subsc_7e8db2c19b8bd837,2024-10-24T09:04:18Z,2024-10-24T11:54:50Z
subsc_a781693818600f43,sub_35b8d570e045e47a,ACTIVE,2025-10-25,2026-10-25,,subsc_5cc81233dda55aaf,2025-10-25T09:02:42Z,2025-10-25T11:21:56Z
subsc_dc85d74665b280aa,sub_76639f0f138b190a,EXPIRED,2023-06-10,2024-06-09,,,2023-06-10T09:11:53Z,2023-06-10T11:44:49Z
subsc_e257120f297c6794,sub_76639f0f138b190a,EXPIRED,2024-06-10,2025-06-10,,subsc_dc85d74665b280aa,2024-06-10T09:02:26Z,2024-06-10T11:23:43Z
subsc_9a18cbd53c1cb52f,sub_76639f0f138b190a,ACTIVE,2025-06-11,2026-06-11,,subsc_e257120f297c6794,2025-06-11T09:18:48Z,2025-06-11T11:47:50Z
subsc_854feadc2c69d233,sub_2c3865079063f359,EXPIRED,2023-10-09,2024-10-08,,,2023-10-09T09:50:30Z,2023-10-09T11:57:53Z
subsc_6d7a72adb488f878,sub_2c3865079063f359,EXPIRED,2024-10-09,2025-10-09,,subsc_854feadc2c69d233,2024-10-09T09:28:29Z,2024-10-09T11:49:18Z
subsc_241ded19b5c3adb1,sub_2c3865079063f359,ACTIVE,2025-10-10,2026-10-10,,subsc_6d7a72adb488f878,2025-10-10T09:10:52Z,2025-10-10T11:12:51Z
subsc_38e45770ef253c66,sub_c8815a926a546f1b,EXPIRED,2023-09-08,2024-09-07,,,2023-09-08T09:55:23Z,2023-09-08T11:35:59Z
subsc_15a18a02d165dbf4,sub_c8815a926a546f1b,EXPIRED,2024-09-08,2025-09-08,,subsc_38e45770ef253c66,2024-09-08T09:18:05Z,2024-09-08T11:48:10Z
subsc_27051aecf39c24d7,sub_c8815a926a546f1b,ACTIVE,2025-09-09,2026-09-09,,subsc_15a18a02d165dbf4,2025-09-09T09:53:27Z,2025-09-09T11:05:58Z
subsc_a0fe07f66cbbb620,sub_ca86bb2658966407,EXPIRED,2024-01-20,2025-01-19,,,2024-01-20T09:26:03Z,2024-01-20T11:25:32Z
subsc_2236c8336cc86139,sub_ca86bb2658966407,EXPIRED,2025-01-20,2026-01-20,,subsc_a0fe07f66cbbb620,2025-01-20T09:23:14Z,2025-01-20T11:01:20Z
subsc_c8d3529dbb968019,sub_ca86bb2658966407,ACTIVE,2026-01-21,2027-01-21,,subsc_2236c8336cc86139,2026-01-21T09:50:09Z,2026-01-21T11:08:02Z
subsc_8f4b5a95e1aff4f7,sub_14e6acefafd14132,EXPIRED,2023-07-25,2024-07-24,,,2023-07-25T09:48:45Z,2023-07-25T11:30:28Z
subsc_16ba2983ffb939c0,sub_14e6acefafd14132,EXPIRED,2024-07-25,2025-07-25,,subsc_8f4b5a95e1aff4f7,2024-07-25T09:16:13Z,2024-07-25T11:53:09Z
subsc_4f3100447edc4c69,sub_14e6acefafd14132,ACTIVE,2025-07-26,2026-07-26,,subsc_16ba2983ffb939c0,2025-07-26T09:27:07Z,2025-07-26T11:49:18Z
subsc_e1e39bec57a14375,sub_5e91937fdb7d9f31,EXPIRED,2023-10-12,2024-10-11,,,2023-10-12T09:50:39Z,2023-10-12T11:29:04Z
subsc_461fa0ae1ecb6c9b,sub_5e91937fdb7d9f31,EXPIRED,2024-10-12,2025-10-12,,subsc_e1e39bec57a14375,2024-10-12T09:34:01Z,2024-10-12T11:40:32Z
subsc_f3765ef8538b715c,sub_5e91937fdb7d9f31,ACTIVE,2025-10-13,2026-10-13,,subsc_461fa0ae1ecb6c9b,2025-10-13T09:27:00Z,2025-10-13T11:39:22Z
subsc_194ae8e1484d5c88,sub_ff930f9579d59594,EXPIRED,2024-05-16,2025-05-16,,,2024-05-16T09:33:23Z,2024-05-16T11:04:33Z
subsc_215d8d5c8f20f6da,sub_ff930f9579d59594,EXPIRED,2025-05-17,2026-05-17,,subsc_194ae8e1484d5c88,2025-05-17T09:35:01Z,2025-05-17T11:24:55Z
subsc_05504f310711e4de,sub_ff930f9579d59594,ACTIVE,2026-05-18,2027-05-18,,subsc_215d8d5c8f20f6da,2026-05-18T09:16:47Z,2026-05-18T11:01:22Z
subsc_5c541e4fdc9307a2,sub_737e7452233c8dc4,EXPIRED,2023-10-24,2024-10-23,,,2023-10-24T09:06:49Z,2023-10-24T11:37:47Z
subsc_1bb47510211851f7,sub_737e7452233c8dc4,EXPIRED,2024-10-24,2025-10-24,,subsc_5c541e4fdc9307a2,2024-10-24T09:52:41Z,2025-03-01T11:11:53Z
subsc_88aaba78b9687cca,sub_737e7452233c8dc4,ACTIVE,2025-10-25,2026-10-25,,subsc_1bb47510211851f7,2025-10-25T09:40:11Z,2025-10-25T11:51:08Z
subsc_b698ae56d42514d6,sub_6956ab21f5984bfe,EXPIRED,2024-06-06,2025-06-06,,,2024-06-06T09:50:12Z,2024-08-26T11:56:02Z
subsc_0a27fa81c13b4773,sub_6956ab21f5984bfe,ACTIVE,2025-06-07,2026-06-07,,subsc_b698ae56d42514d6,2025-06-07T09:52:34Z,2025-06-07T11:30:16Z
subsc_c6f521a483991260,sub_1a29cb6a02de7c9c,EXPIRED,2023-07-20,2024-07-19,,,2023-07-20T09:49:03Z,2023-07-20T11:55:41Z
subsc_145f26f54109a509,sub_1a29cb6a02de7c9c,EXPIRED,2024-07-20,2025-07-20,,subsc_c6f521a483991260,2024-07-20T09:47:28Z,2024-11-27T11:57:24Z
subsc_75c7b951541c7868,sub_1a29cb6a02de7c9c,ACTIVE,2025-07-21,2026-07-21,,subsc_145f26f54109a509,2025-07-21T09:23:59Z,2025-07-21T11:51:33Z
subsc_ff09d4753352e96b,sub_76deb2da145af73d,EXPIRED,2023-11-07,2024-11-06,,,2023-11-07T09:34:18Z,2024-05-11T11:20:06Z
subsc_97fc6bce2f065122,sub_76deb2da145af73d,EXPIRED,2024-11-07,2025-11-07,,subsc_ff09d4753352e96b,2024-11-07T09:28:38Z,2024-11-07T11:45:27Z
subsc_3ee50d420735e695,sub_76deb2da145af73d,ACTIVE,2025-11-08,2026-11-08,,subsc_97fc6bce2f065122,2025-11-08T09:02:46Z,2025-11-08T11:55:58Z
subsc_a45b956f10259820,sub_8b1072edaaacb735,EXPIRED,2023-12-05,2024-12-04,,,2023-12-05T09:03:04Z,2023-12-05T11:42:40Z
subsc_07f063790e5feea0,sub_8b1072edaaacb735,EXPIRED,2024-12-05,2025-12-05,,subsc_a45b956f10259820,2024-12-05T09:01:09Z,2024-12-05T11:54:38Z
subsc_b131ce5c85618fb2,sub_8b1072edaaacb735,ACTIVE,2025-12-06,2026-12-06,,subsc_07f063790e5feea0,2025-12-06T09:04:15Z,2025-12-06T11:49:41Z
subsc_3e28d471ac328b49,sub_8b54315fb3496ac6,EXPIRED,2024-06-05,2025-06-05,,,2024-06-05T09:28:23Z,2024-08-23T11:23:28Z
subsc_91646d407d7dfe59,sub_8b54315fb3496ac6,ACTIVE,2025-06-06,2026-06-06,,subsc_3e28d471ac328b49,2025-06-06T09:23:25Z,2025-06-06T11:20:41Z
subsc_748376f5e52d9f37,sub_c044c239e037a129,EXPIRED,2023-07-19,2024-07-18,,,2023-07-19T09:31:33Z,2023-07-19T11:24:58Z
subsc_49ec6531cd6cd157,sub_c044c239e037a129,EXPIRED,2024-07-19,2025-07-19,,subsc_748376f5e52d9f37,2024-07-19T09:45:28Z,2024-07-19T11:13:39Z
subsc_a6fa1f74ad7fcc62,sub_c044c239e037a129,ACTIVE,2025-07-20,2026-07-20,,subsc_49ec6531cd6cd157,2025-07-20T09:12:07Z,2025-07-20T11:08:54Z
subsc_19585e26a85f0201,sub_950237bee617c0a6,EXPIRED,2024-04-24,2025-04-24,,,2024-04-24T09:05:51Z,2024-04-24T11:43:54Z
subsc_c1dcd7ef4b6ea55d,sub_950237bee617c0a6,EXPIRED,2025-04-25,2026-04-25,,subsc_19585e26a85f0201,2025-04-25T09:35:34Z,2025-04-25T11:18:57Z
subsc_053946c5dba76934,sub_950237bee617c0a6,ACTIVE,2026-04-26,2027-04-26,,subsc_c1dcd7ef4b6ea55d,2026-04-26T09:50:23Z,2026-04-26T11:32:14Z
subsc_e845a338d65b6a06,sub_0eee6648698b5a34,EXPIRED,2023-12-15,2024-12-14,,,2023-12-15T09:31:01Z,2023-12-15T11:23:35Z
subsc_1ef42a53479066a6,sub_0eee6648698b5a34,EXPIRED,2024-12-15,2025-12-15,,subsc_e845a338d65b6a06,2024-12-15T09:08:39Z,2024-12-15T11:56:05Z
subsc_b496af3c2a10141c,sub_0eee6648698b5a34,ACTIVE,2025-12-16,2026-12-16,,subsc_1ef42a53479066a6,2025-12-16T09:33:26Z,2025-12-16T11:49:26Z
subsc_a6531f7b2c7de379,sub_a50b58d10cd2c485,EXPIRED,2024-01-11,2025-01-10,,,2024-01-11T09:04:28Z,2024-01-11T11:29:43Z
subsc_ce2f78cd7650cf6a,sub_a50b58d10cd2c485,EXPIRED,2025-01-11,2026-01-11,,subsc_a6531f7b2c7de379,2025-01-11T09:11:49Z,2025-07-11T11:08:27Z
subsc_6168df42db86c81e,sub_a50b58d10cd2c485,ACTIVE,2026-01-12,2027-01-12,,subsc_ce2f78cd7650cf6a,2026-01-12T09:33:09Z,2026-01-12T11:19:10Z
subsc_f77c17dabebb3e55,sub_b955bac822a907bd,EXPIRED,2023-08-20,2024-08-19,,,2023-08-20T09:33:57Z,2023-08-20T11:18:54Z
subsc_9f15d558253e997c,sub_b955bac822a907bd,EXPIRED,2024-08-20,2025-08-20,,subsc_f77c17dabebb3e55,2024-08-20T09:17:08Z,2024-08-20T11:40:19Z
subsc_c49e9503c9d83dbd,sub_b955bac822a907bd,ACTIVE,2025-08-21,2026-08-21,,subsc_9f15d558253e997c,2025-08-21T09:37:09Z,2026-03-05T11:10:42Z
subsc_24446418423df993,sub_eb281f8b0cb35107,EXPIRED,2024-01-16,2025-01-15,,,2024-01-16T09:36:02Z,2024-01-16T11:52:55Z
subsc_47a661e282ceb55f,sub_eb281f8b0cb35107,CANCELED,2025-01-16,2025-03-20,2025-03-20,subsc_24446418423df993,2025-01-16T09:16:41Z,2025-03-25T11:13:49Z
subsc_7d9fa9f951d0d349,sub_88b88cd1171f12ad,EXPIRED,2024-05-28,2025-05-28,,,2024-05-28T09:40:34Z,2024-05-28T11:18:41Z
subsc_e2739e945e529fdd,sub_88b88cd1171f12ad,ACTIVE,2025-05-29,2026-05-29,,subsc_7d9fa9f951d0d349,2025-05-29T09:19:29Z,2025-05-29T11:04:44Z
subsc_277ed309d0542e71,sub_a2b627c5e2dd0f36,EXPIRED,2024-06-22,2025-06-22,,,2024-06-22T09:21:38Z,2024-06-22T11:09:20Z
subsc_bb6236ee8ef087ad,sub_a2b627c5e2dd0f36,ACTIVE,2025-06-23,2026-06-23,,subsc_277ed309d0542e71,2025-06-23T09:25:08Z,2025-06-23T11:48:23Z
subsc_b68742383cc5ecb2,sub_48a38d7a4389c8ec,EXPIRED,2023-10-18,2024-10-17,,,2023-10-18T09:17:28Z,2023-10-18T11:15:09Z
subsc_29f6f491b2d61c8c,sub_48a38d7a4389c8ec,EXPIRED,2024-10-18,2025-10-18,,subsc_b68742383cc5ecb2,2024-10-18T09:55:39Z,2024-10-18T11:26:15Z
subsc_2369e0048cee1765,sub_48a38d7a4389c8ec,ACTIVE,2025-10-19,2026-10-19,,subsc_29f6f491b2d61c8c,2025-10-19T09:59:36Z,2025-10-19T11:46:20Z
subsc_c383483f0978ba6e,sub_75d50635e17f9275,EXPIRED,2024-05-02,2025-05-02,,,2024-05-02T09:31:56Z,2024-05-02T11:19:31Z
subsc_baec4ee97aa39fc9,sub_75d50635e17f9275,CANCELED,2025-05-03,2025-12-30,2025-12-30,subsc_c383483f0978ba6e,2025-05-03T09:15:13Z,2026-01-03T11:37:22Z
subsc_edc04082e67296be,sub_f9b12dfa917069e8,EXPIRED,2023-11-29,2024-11-28,,,2023-11-29T09:41:43Z,2023-11-29T11:30:18Z
subsc_a214756e80aafb1a,sub_f9b12dfa917069e8,EXPIRED,2024-11-29,2025-11-29,,subsc_edc04082e67296be,2024-11-29T09:08:56Z,2024-11-29T11:16:46Z
subsc_b441fe7706f36846,sub_f9b12dfa917069e8,ACTIVE,2025-11-30,2026-11-30,,subsc_a214756e80aafb1a,2025-11-30T09:25:03Z,2025-11-30T11:36:35Z
subsc_fa5d9c62edd63125,sub_76086d2c256084e5,EXPIRED,2024-03-27,2025-03-27,,,2024-03-27T09:28:48Z,2024-03-27T11:35:17Z
subsc_76fb000fc5440f32,sub_76086d2c256084e5,EXPIRED,2025-03-28,2026-03-28,,subsc_fa5d9c62edd63125,2025-03-28T09:07:08Z,2025-03-28T11:06:25Z
subsc_50efb12aa93b901f,sub_76086d2c256084e5,ACTIVE,2026-03-29,2027-03-29,,subsc_76fb000fc5440f32,2026-03-29T09:23:48Z,2026-03-29T11:09:12Z
subsc_821caf695127b977,sub_056dda93fa1cd005,EXPIRED,2024-07-14,2025-07-14,,,2024-07-14T09:51:30Z,2024-09-22T11:33:29Z
subsc_af050cfe5b9e2831,sub_056dda93fa1cd005,ACTIVE,2025-07-15,2026-07-15,,subsc_821caf695127b977,2025-07-15T09:20:59Z,2025-07-15T11:39:20Z
subsc_ff45d1210370cfcf,sub_ad76b97097958c73,EXPIRED,2023-08-29,2024-08-28,,,2023-08-29T09:21:32Z,2023-08-29T11:53:32Z
subsc_ca56960af56460f4,sub_ad76b97097958c73,EXPIRED,2024-08-29,2025-08-29,,subsc_ff45d1210370cfcf,2024-08-29T09:30:52Z,2024-08-29T11:01:23Z
subsc_111696bcc2426d0b,sub_ad76b97097958c73,ACTIVE,2025-08-30,2026-08-30,,subsc_ca56960af56460f4,2025-08-30T09:50:57Z,2026-01-22T11:46:55Z
subsc_f0fc7244c665d9cd,sub_be7c0aca666beeae,EXPIRED,2023-08-18,2024-08-17,,,2023-08-18T09:41:50Z,2023-08-18T11:49:37Z
subsc_7ddbc1142c785f0e,sub_be7c0aca666beeae,EXPIRED,2024-08-18,2025-08-18,,subsc_f0fc7244c665d9cd,2024-08-18T09:30:10Z,2024-08-18T11:33:40Z
subsc_f4cc64d452bbba6b,sub_be7c0aca666beeae,ACTIVE,2025-08-19,2026-08-19,,subsc_7ddbc1142c785f0e,2025-08-19T09:09:52Z,2025-08-19T11:43:15Z
subsc_d966896deac571c4,sub_a224139f014c3f6c,EXPIRED,2024-03-30,2025-03-30,,,2024-03-30T09:28:20Z,2024-03-30T11:26:09Z
subsc_d84142f21ee32c14,sub_a224139f014c3f6c,EXPIRED,2025-03-31,2026-03-31,,subsc_d966896deac571c4,2025-03-31T09:49:39Z,2025-03-31T11:58:30Z
subsc_65ccc60930f96aff,sub_a224139f014c3f6c,ACTIVE,2026-04-01,2027-04-01,,subsc_d84142f21ee32c14,2026-04-01T09:45:08Z,2026-04-01T11:33:13Z
subsc_3ba84bc44744ca00,sub_15f155bca7c31319,EXPIRED,2024-07-17,2025-07-17,,,2024-07-17T09:11:29Z,2024-07-17T11:58:34Z
subsc_262b28ac3cc9f52a,sub_15f155bca7c31319,ACTIVE,2025-07-18,2026-07-18,,subsc_3ba84bc44744ca00,2025-07-18T09:39:30Z,2025-07-18T11:12:15Z
subsc_842d456e9cb3c1ac,sub_5a66a7a111754399,EXPIRED,2024-05-05,2025-05-05,,,2024-05-05T09:19:49Z,2024-05-05T11:18:45Z
subsc_10974515c68f6c82,sub_5a66a7a111754399,EXPIRED,2025-05-06,2026-05-06,,subsc_842d456e9cb3c1ac,2025-05-06T09:30:22Z,2025-05-06T11:35:59Z
subsc_6890ad2e710137fa,sub_5a66a7a111754399,ACTIVE,2026-05-07,2027-05-07,,subsc_10974515c68f6c82,2026-05-07T09:07:36Z,2026-05-07T11:43:34Z
subsc_3c3fffb26b6dfe5b,sub_9eaafa7f98e5a594,EXPIRED,2023-10-08,2024-10-07,,,2023-10-08T09:51:09Z,2023-10-08T11:18:02Z
subsc_30b3acb7293b2978,sub_9eaafa7f98e5a594,EXPIRED,2024-10-08,2025-10-08,,subsc_3c3fffb26b6dfe5b,2024-10-08T09:59:28Z,2024-10-08T11:41:16Z
subsc_98072d0df555762a,sub_9eaafa7f98e5a594,ACTIVE,2025-10-09,2026-10-09,,subsc_30b3acb7293b2978,2025-10-09T09:17:59Z,2025-10-09T11:35:44Z
subsc_45291da0091ae47d,sub_a3fd2b7e4c37bb62,EXPIRED,2023-08-03,2024-08-02,,,2023-08-03T09:15:03Z,2023-08-03T11:42:57Z
subsc_1f953478f009b014,sub_a3fd2b7e4c37bb62,EXPIRED,2024-08-03,2025-08-03,,subsc_45291da0091ae47d,2024-08-03T09:06:26Z,2024-08-03T11:21:45Z
subsc_75a0e24b0b9eb8f2,sub_a3fd2b7e4c37bb62,ACTIVE,2025-08-04,2026-08-04,,subsc_1f953478f009b014,2025-08-04T09:00:35Z,2025-08-04T11:59:10Z
subsc_70fa365bf2b55e27,sub_b6d910d132579e41,EXPIRED,2023-10-09,2024-10-08,,,2023-10-09T09:41:12Z,2023-10-09T11:48:18Z
subsc_b9249fe4abdb98ad,sub_b6d910d132579e41,EXPIRED,2024-10-09,2025-10-09,,subsc_70fa365bf2b55e27,2024-10-09T09:41:36Z,2024-10-09T11:14:34Z
subsc_9479b4986124d499,sub_b6d910d132579e41,ACTIVE,2025-10-10,2026-10-10,,subsc_b9249fe4abdb98ad,2025-10-10T09:58:58Z,2025-10-10T11:11:26Z
subsc_5a1459a494507870,sub_b91b24b5c9d66031,EXPIRED,2024-07-13,2025-07-13,,,2024-07-13T09:11:59Z,2024-11-28T11:47:55Z
subsc_a5d8acdbb5a65c7d,sub_b91b24b5c9d66031,ACTIVE,2025-07-14,2026-07-14,,subsc_5a1459a494507870,2025-07-14T09:19:36Z,2025-07-14T11:38:06Z
subsc_793a7f8553de1e84,sub_f89e85c54e7903f2,EXPIRED,2024-03-27,2025-03-27,,,2024-03-27T09:34:33Z,2024-03-27T11:31:56Z
subsc_26c7c0efd749d050,sub_f89e85c54e7903f2,EXPIRED,2025-03-28,2026-03-28,,subsc_793a7f8553de1e84,2025-03-28T09:17:12Z,2025-03-28T11:51:07Z
subsc_885ab7ff34af960c,sub_f89e85c54e7903f2,ACTIVE,2026-03-29,2027-03-29,,subsc_26c7c0efd749d050,2026-03-29T09:45:11Z,2026-03-29T11:00:47Z
subsc_ed5f027bc01580c4,sub_566e8747aa31a8e5,EXPIRED,2023-11-21,2024-11-20,,,2023-11-21T09:11:39Z,2023-11-21T11:54:40Z
subsc_57203741f98ff075,sub_566e8747aa31a8e5,EXPIRED,2024-11-21,2025-11-21,,subsc_ed5f027bc01580c4,2024-11-21T09:20:05Z,2024-11-21T11:25:42Z
subsc_4bc25cd45e80d112,sub_566e8747aa31a8e5,ACTIVE,2025-11-22,2026-11-22,,subsc_57203741f98ff075,2025-11-22T09:20:59Z,2025-11-22T11:15:00Z
subsc_c5526d88b95f48dd,sub_ebc8d2677d0c53d3,EXPIRED,2024-04-24,2025-04-24,,,2024-04-24T09:21:19Z,2024-04-24T11:37:46Z
subsc_dc689f56a4c7f55b,sub_ebc8d2677d0c53d3,EXPIRED,2025-04-25,2026-04-25,,subsc_c5526d88b95f48dd,2025-04-25T09:44:15Z,2025-04-25T11:03:42Z
subsc_533a2bf0e37f7848,sub_ebc8d2677d0c53d3,ACTIVE,2026-04-26,2027-04-26,,subsc_dc689f56a4c7f55b,2026-04-26T09:43:32Z,2026-04-26T11:59:57Z
subsc_9506e5b23506ceb9,sub_7f07231f8e9a6b26,EXPIRED,2023-11-17,2024-11-16,,,2023-11-17T09:39:14Z,2024-03-06T11:14:08Z
subsc_d42fb6353e56195f,sub_7f07231f8e9a6b26,EXPIRED,2024-11-17,2025-11-17,,subsc_9506e5b23506ceb9,2024-11-17T09:23:26Z,2024-11-17T11:44:35Z
subsc_6d067a7922006559,sub_7f07231f8e9a6b26,ACTIVE,2025-11-18,2026-11-18,,subsc_d42fb6353e56195f,2025-11-18T09:48:15Z,2025-11-18T11:43:48Z
subsc_71e19c37dd8b2932,sub_4c38346d56b24edd,EXPIRED,2023-09-22,2024-09-21,,,2023-09-22T09:45:23Z,2023-09-22T11:04:58Z
subsc_0d1700e699fe14db,sub_4c38346d56b24edd,EXPIRED,2024-09-22,2025-09-22,,subsc_71e19c37dd8b2932,2024-09-22T09:36:34Z,2025-03-19T11:09:10Z
subsc_c39816a47e3e4ad2,sub_4c38346d56b24edd,ACTIVE,2025-09-23,2026-09-23,,subsc_0d1700e699fe14db,2025-09-23T09:43:13Z,2025-09-23T11:45:37Z
subsc_161a6ced98b636da,sub_6548b2624ddae818,EXPIRED,2023-08-15,2024-08-14,,,2023-08-15T09:29:08Z,2023-08-15T11:32:26Z
subsc_f613b6f688838cd1,sub_6548b2624ddae818,EXPIRED,2024-08-15,2025-08-15,,subsc_161a6ced98b636da,2024-08-15T09:46:01Z,2025-01-20T11:25:16Z
subsc_98557ea795d897ea,sub_6548b2624ddae818,ACTIVE,2025-08-16,2026-08-16,,subsc_f613b6f688838cd1,2025-08-16T09:04:02Z,2025-08-16T11:27:22Z
subsc_a99cedff5806ba84,sub_13c0af28c9a3b165,EXPIRED,2024-01-08,2025-01-07,,,2024-01-08T09:04:59Z,2024-01-08T11:30:02Z
subsc_bb238fd36886e340,sub_13c0af28c9a3b165,EXPIRED,2025-01-08,2026-01-08,,subsc_a99cedff5806ba84,2025-01-08T09:49:41Z,2025-01-08T11:46:41Z
subsc_e34b64761c9cd1cf,sub_13c0af28c9a3b165,ACTIVE,2026-01-09,2027-01-09,,subsc_bb238fd36886e340,2026-01-09T09:28:55Z,2026-01-09T11:58:58Z
subsc_ad1552207747d13c,sub_a8255d29cf9f9689,EXPIRED,2024-08-03,2025-08-03,,,2024-08-03T09:34:08Z,2024-08-03T11:41:55Z
subsc_50a67c1ac2798bf5,sub_a8255d29cf9f9689,ACTIVE,2025-08-04,2026-08-04,,subsc_ad1552207747d13c,2025-08-04T09:25:33Z,2025-08-04T11:08:46Z
subsc_f71f1177e2b19347,sub_b092cc4c5119ef88,CANCELED,2024-03-02,2024-04-22,2024-04-22,,2024-03-02T09:29:43Z,2024-04-24T11:46:34Z
subsc_1f6f102bf17b942f,sub_422bce628fd125d2,EXPIRED,2024-02-17,2025-02-16,,,2024-02-17T09:22:09Z,2024-02-17T11:17:12Z
subsc_e1da1e397d55e6a3,sub_422bce628fd125d2,EXPIRED,2025-02-17,2026-02-17,,subsc_1f6f102bf17b942f,2025-02-17T09:02:51Z,2025-02-17T11:42:26Z
subsc_358db1fbb9d30a8d,sub_422bce628fd125d2,ACTIVE,2026-02-18,2027-02-18,,subsc_e1da1e397d55e6a3,2026-02-18T09:15:13Z,2026-02-18T11:04:06Z
subsc_f7b36baa42ac1ce5,sub_8983a7e3772a56b4,EXPIRED,2024-03-18,2025-03-18,,,2024-03-18T09:03:15Z,2024-03-18T11:47:02Z
subsc_b73e3dbf4c2fcbdf,sub_8983a7e3772a56b4,EXPIRED,2025-03-19,2026-03-19,,subsc_f7b36baa42ac1ce5,2025-03-19T09:48:55Z,2025-03-19T11:49:03Z
subsc_384208dfa8a55550,sub_8983a7e3772a56b4,ACTIVE,2026-03-20,2027-03-20,,subsc_b73e3dbf4c2fcbdf,2026-03-20T09:52:58Z,2026-03-20T11:46:36Z
subsc_29c2b819ad7d1571,sub_c9d993e492a5adb4,EXPIRED,2024-01-26,2025-01-25,,,2024-01-26T09:15:19Z,2024-01-26T11:56:09Z
subsc_764c23e1044ec5a2,sub_c9d993e492a5adb4,EXPIRED,2025-01-26,2026-01-26,,subsc_29c2b819ad7d1571,2025-01-26T09:19:17Z,2025-01-26T11:03:35Z
subsc_b57d7fd79f0e7cb0,sub_c9d993e492a5adb4,ACTIVE,2026-01-27,2027-01-27,,subsc_764c23e1044ec5a2,2026-01-27T09:40:43Z,2026-01-27T11:27:35Z
subsc_103017e1ce346ff9,sub_c1cdafdf1d383f8f,EXPIRED,2024-02-25,2025-02-24,,,2024-02-25T09:50:33Z,2024-02-25T11:20:44Z
subsc_bdd638451bf14580,sub_c1cdafdf1d383f8f,EXPIRED,2025-02-25,2026-02-25,,subsc_103017e1ce346ff9,2025-02-25T09:30:15Z,2025-07-03T11:54:14Z
subsc_5c4fb3d31e97086c,sub_c1cdafdf1d383f8f,ACTIVE,2026-02-26,2027-02-26,,subsc_bdd638451bf14580,2026-02-26T09:58:03Z,2026-02-26T11:35:26Z
subsc_a6b5ab8d51d2ace3,sub_aefe19bdbaf62f92,EXPIRED,2024-01-24,2025-01-23,,,2024-01-24T09:16:13Z,2024-01-24T11:21:41Z
subsc_313aa247d07405ab,sub_aefe19bdbaf62f92,EXPIRED,2025-01-24,2026-01-24,,subsc_a6b5ab8d51d2ace3,2025-01-24T09:05:34Z,2025-01-24T11:46:53Z
subsc_921750c71d8737cd,sub_aefe19bdbaf62f92,ACTIVE,2026-01-25,2027-01-25,,subsc_313aa247d07405ab,2026-01-25T09:38:02Z,2026-01-25T11:55:04Z
subsc_2f910438b568b6a2,sub_fc8e18c95d1cc011,EXPIRED,2024-06-10,2025-06-10,,,2024-06-10T09:13:30Z,2024-06-10T11:13:55Z
subsc_66fa129c17e61337,sub_fc8e18c95d1cc011,ACTIVE,2025-06-11,2026-06-11,,subsc_2f910438b568b6a2,2025-06-11T09:13:59Z,2025-06-11T11:12:47Z
subsc_f7f7dc5f90d5905b,sub_c022531204754d35,EXPIRED,2023-08-03,2024-08-02,,,2023-08-03T09:38:45Z,2023-08-03T11:13:25Z
subsc_2118cbb4323fd2f3,sub_c022531204754d35,EXPIRED,2024-08-03,2025-08-03,,subsc_f7f7dc5f90d5905b,2024-08-03T09:24:29Z,2024-08-03T11:34:41Z
subsc_e160d736c6cbd7f7,sub_c022531204754d35,ACTIVE,2025-08-04,2026-08-04,,subsc_2118cbb4323fd2f3,2025-08-04T09:56:31Z,2025-08-04T11:29:06Z
subsc_b5f4e63ba83920d7,sub_d411cfcf3f7ddb9d,EXPIRED,2023-12-14,2024-12-13,,,2023-12-14T09:58:13Z,2023-12-14T11:23:20Z
subsc_5c789a5e002c47c0,sub_d411cfcf3f7ddb9d,EXPIRED,2024-12-14,2025-12-14,,subsc_b5f4e63ba83920d7,2024-12-14T09:47:09Z,2024-12-14T11:01:16Z
subsc_3a58ced0d6817746,sub_d411cfcf3f7ddb9d,ACTIVE,2025-12-15,2026-12-15,,subsc_5c789a5e002c47c0,2025-12-15T09:18:09Z,2025-12-15T11:12:21Z
subsc_d655a932f27d0094,sub_8a64d3155c5c521f,EXPIRED,2024-07-20,2025-07-20,,,2024-07-20T09:41:43Z,2024-07-20T11:21:16Z
subsc_febb76e8a3dbd22e,sub_8a64d3155c5c521f,ACTIVE,2025-07-21,2026-07-21,,subsc_d655a932f27d0094,2025-07-21T09:29:10Z,2025-07-21T11:46:50Z
subsc_1fa99a4d668217c1,sub_c5bab7fe7a6ba65b,EXPIRED,2023-07-04,2024-07-03,,,2023-07-04T09:58:56Z,2023-07-04T11:34:41Z
subsc_bf74d46edc68ceb6,sub_c5bab7fe7a6ba65b,EXPIRED,2024-07-04,2025-07-04,,subsc_1fa99a4d668217c1,2024-07-04T09:52:42Z,2024-07-04T11:03:48Z
subsc_92bdef01a3ce7ecc,sub_c5bab7fe7a6ba65b,CANCELED,2025-07-05,2025-10-23,2025-10-23,subsc_bf74d46edc68ceb6,2025-07-05T09:04:45Z,2025-10-28T11:09:00Z
subsc_ca3bf3f192656ebe,sub_b6e9e2ce3a14dd6a,EXPIRED,2024-05-15,2025-05-15,,,2024-05-15T09:42:59Z,2024-05-15T11:39:58Z
subsc_362cb8e04823ceb4,sub_b6e9e2ce3a14dd6a,EXPIRED,2025-05-16,2026-05-16,,subsc_ca3bf3f192656ebe,2025-05-16T09:34:35Z,2025-05-16T11:26:00Z
subsc_ea02f37e91598aea,sub_b6e9e2ce3a14dd6a,ACTIVE,2026-05-17,2027-05-17,,subsc_362cb8e04823ceb4,2026-05-17T09:01:32Z,2026-05-17T11:52:44Z
subsc_abb903ce2e8fb7dd,sub_0b46c2e4be790fd1,EXPIRED,2023-10-24,2024-10-23,,,2023-10-24T09:58:06Z,2023-10-24T11:33:09Z
subsc_6edf16488c1dcc6a,sub_0b46c2e4be790fd1,EXPIRED,2024-10-24,2025-10-24,,subsc_abb903ce2e8fb7dd,2024-10-24T09:52:22Z,2024-10-24T11:17:50Z
subsc_bcd2049a175ae718,sub_0b46c2e4be790fd1,ACTIVE,2025-10-25,2026-10-25,,subsc_6edf16488c1dcc6a,2025-10-25T09:29:36Z,2025-10-25T11:15:44Z
subsc_e46aba7d719da73d,sub_9e68abc97cd3cd99,EXPIRED,2023-10-13,2024-10-12,,,2023-10-13T09:05:25Z,2024-04-26T11:24:24Z
subsc_f8cd8f140aaa1a18,sub_9e68abc97cd3cd99,EXPIRED,2024-10-13,2025-10-13,,subsc_e46aba7d719da73d,2024-10-13T09:31:54Z,2024-11-16T11:27:41Z
subsc_4bee32c3b3923ecb,sub_9e68abc97cd3cd99,ACTIVE,2025-10-14,2026-10-14,,subsc_f8cd8f140aaa1a18,2025-10-14T09:57:33Z,2025-10-14T11:58:02Z
subsc_8585e6779407b1a3,sub_2b153a20fae706ea,EXPIRED,2024-03-12,2025-03-12,,,2024-03-12T09:30:17Z,2024-03-12T11:02:59Z
subsc_63b112928ef1437d,sub_2b153a20fae706ea,EXPIRED,2025-03-13,2026-03-13,,subsc_8585e6779407b1a3,2025-03-13T09:36:42Z,2025-03-13T11:02:11Z
subsc_a2aded075592153c,sub_2b153a20fae706ea,ACTIVE,2026-03-14,2027-03-14,,subsc_63b112928ef1437d,2026-03-14T09:37:09Z,2026-03-14T11:48:52Z
subsc_75d776c3b96b2017,sub_2742e7e81a816136,EXPIRED,2024-07-20,2025-07-20,,,2024-07-20T09:36:15Z,2024-07-20T11:36:53Z
subsc_6f4725085662d502,sub_2742e7e81a816136,ACTIVE,2025-07-21,2026-07-21,,subsc_75d776c3b96b2017,2025-07-21T09:21:24Z,2025-07-21T11:48:47Z
subsc_482eadbd7484ef90,sub_3a1a06d224a9730d,EXPIRED,2024-01-20,2025-01-19,,,2024-01-20T09:22:03Z,2024-01-20T11:06:27Z
subsc_e4165e044a279543,sub_3a1a06d224a9730d,EXPIRED,2025-01-20,2026-01-20,,subsc_482eadbd7484ef90,2025-01-20T09:25:49Z,2025-08-01T11:20:01Z
subsc_6418743c7f8fb698,sub_3a1a06d224a9730d,ACTIVE,2026-01-21,2027-01-21,,subsc_e4165e044a279543,2026-01-21T09:31:14Z,2026-01-21T11:22:35Z
subsc_c4537caf389c3765,sub_e5a98587eb0fc573,EXPIRED,2024-06-17,2025-06-17,,,2024-06-17T09:24:05Z,2024-06-17T11:49:39Z
subsc_85afba6b43cbebf2,sub_e5a98587eb0fc573,ACTIVE,2025-06-18,2026-06-18,,subsc_c4537caf389c3765,2025-06-18T09:05:17Z,2025-06-18T11:09:24Z
subsc_e7edb5aeff96f164,sub_5c3998c5b570df19,EXPIRED,2024-07-04,2025-07-04,,,2024-07-04T09:23:06Z,2024-07-04T11:05:00Z
subsc_9433080bd3e8e605,sub_5c3998c5b570df19,ACTIVE,2025-07-05,2026-07-05,,subsc_e7edb5aeff96f164,2025-07-05T09:06:08Z,2025-07-05T11:05:11Z
subsc_2cd8b75f65441c06,sub_55eee92fc6368cb9,EXPIRED,2024-03-30,2025-03-30,,,2024-03-30T09:01:05Z,2024-03-30T11:22:35Z
subsc_a0278b89379e5bba,sub_55eee92fc6368cb9,EXPIRED,2025-03-31,2026-03-31,,subsc_2cd8b75f65441c06,2025-03-31T09:55:24Z,2025-03-31T11:00:18Z
subsc_e9b77452a01e119c,sub_55eee92fc6368cb9,ACTIVE,2026-04-01,2027-04-01,,subsc_a0278b89379e5bba,2026-04-01T09:57:15Z,2026-04-01T11:36:33Z
subsc_5a7aafc5f4d116eb,sub_6837e1912b4a16f6,EXPIRED,2023-08-13,2024-08-12,,,2023-08-13T09:17:31Z,2023-08-13T11:09:04Z
subsc_0167c84bea2cbb7c,sub_6837e1912b4a16f6,EXPIRED,2024-08-13,2025-08-13,,subsc_5a7aafc5f4d116eb,2024-08-13T09:30:50Z,2024-08-13T11:04:23Z
subsc_83472abb7672651a,sub_6837e1912b4a16f6,ACTIVE,2025-08-14,2026-08-14,,subsc_0167c84bea2cbb7c,2025-08-14T09:38:39Z,2025-08-14T11:12:29Z
subsc_0671e62533947b76,sub_9e6c984895da8280,CANCELED,2024-02-17,2024-10-16,2024-10-16,,2024-02-17T09:53:39Z,2024-10-18T11:24:51Z
subsc_0fef993ae48a8e76,sub_e5b9f618f81c2805,EXPIRED,2024-06-29,2025-06-29,,,2024-06-29T09:55:41Z,2024-06-29T11:38:08Z
subsc_b655f67733ec1677,sub_e5b9f618f81c2805,ACTIVE,2025-06-30,2026-06-30,,subsc_0fef993ae48a8e76,2025-06-30T09:30:20Z,2025-06-30T11:11:25Z
subsc_b2a16093d19b065a,sub_6262cd41dd2d6a41,EXPIRED,2024-06-07,2025-06-07,,,2024-06-07T09:36:50Z,2024-06-07T11:15:20Z
subsc_a91e7fe9e7a72b6e,sub_6262cd41dd2d6a41,ACTIVE,2025-06-08,2026-06-08,,subsc_b2a16093d19b065a,2025-06-08T09:23:07Z,2025-06-08T11:59:36Z
subsc_5a749d927c9a1137,sub_20e88f45afa15f31,EXPIRED,2024-08-10,2025-08-10,,,2024-08-10T09:01:46Z,2024-08-10T11:29:45Z
subsc_02967a41c54e4ef3,sub_20e88f45afa15f31,ACTIVE,2025-08-11,2026-08-11,,subsc_5a749d927c9a1137,2025-08-11T09:52:54Z,2025-08-11T11:50:50Z
subsc_e796ef96a2603531,sub_8ce36c22b3e6966c,EXPIRED,2023-12-20,2024-12-19,,,2023-12-20T09:16:42Z,2023-12-20T11:09:45Z
subsc_452364977475a3e4,sub_8ce36c22b3e6966c,EXPIRED,2024-12-20,2025-12-20,,subsc_e796ef96a2603531,2024-12-20T09:38:30Z,2024-12-20T11:37:25Z
subsc_8e5feead36dc4dec,sub_8ce36c22b3e6966c,ACTIVE,2025-12-21,2026-12-21,,subsc_452364977475a3e4,2025-12-21T09:34:02Z,2025-12-21T11:50:23Z
subsc_a1b4fa710b90b507,sub_fdcf3afd25db710a,EXPIRED,2023-12-23,2024-12-22,,,2023-12-23T09:05:06Z,2023-12-23T11:49:15Z
subsc_bcc754f27d07722e,sub_fdcf3afd25db710a,EXPIRED,2024-12-23,2025-12-23,,subsc_a1b4fa710b90b507,2024-12-23T09:02:36Z,2024-12-23T11:41:43Z
subsc_a0eb30b9c2d0b724,sub_fdcf3afd25db710a,ACTIVE,2025-12-24,2026-12-24,,subsc_bcc754f27d07722e,2025-12-24T09:50:27Z,2025-12-24T11:06:00Z
subsc_9a3bb5b12f5c012d,sub_c371c5fe8c93b95d,EXPIRED,2024-03-05,2025-03-05,,,2024-03-05T09:37:44Z,2024-03-05T11:36:14Z
subsc_8436bc3ffbc23722,sub_c371c5fe8c93b95d,EXPIRED,2025-03-06,2026-03-06,,subsc_9a3bb5b12f5c012d,2025-03-06T09:44:32Z,2025-03-06T11:09:22Z
subsc_c08a8398c70477c3,sub_c371c5fe8c93b95d,ACTIVE,2026-03-07,2027-03-07,,subsc_8436bc3ffbc23722,2026-03-07T09:26:58Z,2026-03-07T11:05:07Z
subsc_da1a2bf69599b183,sub_032b786303f28468,EXPIRED,2023-12-14,2024-12-13,,,2023-12-14T09:29:50Z,2023-12-14T11:13:33Z
subsc_df0bf3daaf30fc18,sub_032b786303f28468,EXPIRED,2024-12-14,2025-12-14,,subsc_da1a2bf69599b183,2024-12-14T09:46:44Z,2024-12-14T11:28:20Z
subsc_8750c179807055be,sub_032b786303f28468,ACTIVE,2025-12-15,2026-12-15,,subsc_df0bf3daaf30fc18,2025-12-15T09:41:06Z,2026-02-12T11:43:51Z
subsc_96c8dd8c52bea54b,sub_e2260b8a7006da97,EXPIRED,2024-04-05,2025-04-05,,,2024-04-05T09:10:21Z,2024-04-05T11:35:27Z
subsc_dd19c40cfef11f81,sub_e2260b8a7006da97,EXPIRED,2025-04-06,2026-04-06,,subsc_96c8dd8c52bea54b,2025-04-06T09:40:11Z,2025-04-06T11:11:40Z
subsc_ca594d3202fb35bf,sub_e2260b8a7006da97,ACTIVE,2026-04-07,2027-04-07,,subsc_dd19c40cfef11f81,2026-04-07T09:56:12Z,2026-04-07T11:28:37Z
subsc_fbfa384b0e864687,sub_c8eee31efecdc672,EXPIRED,2024-03-30,2025-03-30,,,2024-03-30T09:48:45Z,2024-03-30T11:51:50Z
subsc_1d5a7294671d35e7,sub_c8eee31efecdc672,EXPIRED,2025-03-31,2026-03-31,,subsc_fbfa384b0e864687,2025-03-31T09:20:12Z,2025-09-16T11:29:07Z
subsc_51c358822b0af861,sub_c8eee31efecdc672,ACTIVE,2026-04-01,2027-04-01,,subsc_1d5a7294671d35e7,2026-04-01T09:40:20Z,2026-04-01T11:38:24Z
subsc_945d2807b19086a9,sub_abbec44d8db76a46,EXPIRED,2023-06-30,2024-06-29,,,2023-06-30T09:29:39Z,2023-06-30T11:11:52Z
subsc_2d5fcfb7b9e50b33,sub_abbec44d8db76a46,EXPIRED,2024-06-30,2025-06-30,,subsc_945d2807b19086a9,2024-06-30T09:37:05Z,2024-06-30T11:43:08Z
subsc_2c0cb4195288ff1f,sub_abbec44d8db76a46,ACTIVE,2025-07-01,2026-07-01,,subsc_2d5fcfb7b9e50b33,2025-07-01T09:11:23Z,2025-07-01T11:44:09Z
subsc_43779a6f9ac8ecea,sub_d478029282e08e73,EXPIRED,2023-12-29,2024-12-28,,,2023-12-29T09:27:11Z,2023-12-29T11:31:40Z
subsc_5b0b78900d29dc64,sub_d478029282e08e73,EXPIRED,2024-12-29,2025-12-29,,subsc_43779a6f9ac8ecea,2024-12-29T09:35:10Z,2024-12-29T11:31:18Z
subsc_1c79c879f249cb97,sub_d478029282e08e73,ACTIVE,2025-12-30,2026-12-30,,subsc_5b0b78900d29dc64,2025-12-30T09:39:03Z,2025-12-30T11:55:22Z
subsc_ac81d301d1b75c22,sub_7ac60bd1cee59ed7,EXPIRED,2024-03-10,2025-03-10,,,2024-03-10T09:35:32Z,2024-03-10T11:41:31Z
subsc_3607cbb12ff72d76,sub_7ac60bd1cee59ed7,EXPIRED,2025-03-11,2026-03-11,,subsc_ac81d301d1b75c22,2025-03-11T09:31:10Z,2025-03-11T11:05:36Z
subsc_6b72c8b3ca852dd7,sub_7ac60bd1cee59ed7,ACTIVE,2026-03-12,2027-03-12,,subsc_3607cbb12ff72d76,2026-03-12T09:14:34Z,2026-03-12T11:18:10Z
subsc_f226f9aa36ae10cf,sub_d4ff3dcef1b3854a,EXPIRED,2023-11-21,2024-11-20,,,2023-11-21T09:35:32Z,2023-11-21T11:07:36Z
subsc_ef76d3104a6d28dc,sub_d4ff3dcef1b3854a,EXPIRED,2024-11-21,2025-11-21,,subsc_f226f9aa36ae10cf,2024-11-21T09:34:52Z,2024-11-21T11:48:02Z
subsc_eb78293ad0ccfe71,sub_d4ff3dcef1b3854a,ACTIVE,2025-11-22,2026-11-22,,subsc_ef76d3104a6d28dc,2025-11-22T09:27:06Z,2025-11-22T11:47:53Z
subsc_3a892c8c6f8c2b23,sub_0398cd2959110851,EXPIRED,2023-09-22,2024-09-21,,,2023-09-22T09:28:16Z,2023-09-22T11:22:55Z
subsc_df025b2176f8169c,sub_0398cd2959110851,EXPIRED,2024-09-22,2025-09-22,,subsc_3a892c8c6f8c2b23,2024-09-22T09:49:51Z,2024-09-22T11:15:13Z
subsc_5850dd39ec4efe70,sub_0398cd2959110851,ACTIVE,2025-09-23,2026-09-23,,subsc_df025b2176f8169c,2025-09-23T09:55:45Z,2025-09-23T11:39:40Z
subsc_79b1636d3e7a04ed,sub_dce521525f100553,EXPIRED,2023-11-05,2024-11-04,,,2023-11-05T09:13:51Z,2023-11-05T11:03:36Z
subsc_a463f1ab5f679f58,sub_dce521525f100553,EXPIRED,2024-11-05,2025-11-05,,subsc_79b1636d3e7a04ed,2024-11-05T09:10:20Z,2024-11-05T11:45:18Z
subsc_f57a46afc0c8aa55,sub_dce521525f100553,ACTIVE,2025-11-06,2026-11-06,,subsc_a463f1ab5f679f58,2025-11-06T09:57:43Z,2025-11-06T11:52:06Z
subsc_1c17c29ff8bac8ea,sub_7c6c1480eaefa06b,EXPIRED,2023-08-21,2024-08-20,,,2023-08-21T09:17:55Z,2023-08-21T11:41:08Z
subsc_9652686d82885303,sub_7c6c1480eaefa06b,EXPIRED,2024-08-21,2025-08-21,,subsc_1c17c29ff8bac8ea,2024-08-21T09:48:53Z,2024-11-01T11:43:25Z
subsc_447a9a8e97e431e8,sub_7c6c1480eaefa06b,ACTIVE,2025-08-22,2026-08-22,,subsc_9652686d82885303,2025-08-22T09:40:26Z,2025-08-22T11:24:28Z
subsc_285708a6d7e55292,sub_68fc6949a2bc5871,EXPIRED,2023-11-29,2024-11-28,,,2023-11-29T09:44:59Z,2024-05-12T11:56:23Z
subsc_f6063f59a7b263c3,sub_68fc6949a2bc5871,EXPIRED,2024-11-29,2025-11-29,,subsc_285708a6d7e55292,2024-11-29T09:00:55Z,2024-11-29T11:49:54Z
subsc_abd507d3bc228b7a,sub_68fc6949a2bc5871,ACTIVE,2025-11-30,2026-11-30,,subsc_f6063f59a7b263c3,2025-11-30T09:40:42Z,2025-11-30T11:44:22Z
subsc_ba1335117adb44e3,sub_fb35ffd9818bf0f0,EXPIRED,2023-07-14,2024-07-13,,,2023-07-14T09:27:52Z,2023-07-14T11:13:31Z
subsc_242fcba1596b4be5,sub_fb35ffd9818bf0f0,EXPIRED,2024-07-14,2025-07-14,,subsc_ba1335117adb44e3,2024-07-14T09:35:36Z,2024-07-14T11:08:36Z
subsc_351e30bcded4f07e,sub_fb35ffd9818bf0f0,ACTIVE,2025-07-15,2026-07-15,,subsc_242fcba1596b4be5,2025-07-15T09:02:06Z,2025-07-15T11:40:50Z
subsc_8554e590ab61e872,sub_11fc97bd2d0a753a,EXPIRED,2023-07-11,2024-07-10,,,2023-07-11T09:28:29Z,2023-07-11T11:00:27Z
subsc_9e7c97d5bbfb8f82,sub_11fc97bd2d0a753a,EXPIRED,2024-07-11,2025-07-11,,subsc_8554e590ab61e872,2024-07-11T09:56:41Z,2024-07-11T11:19:10Z
subsc_6ff57a3bc18a3639,sub_11fc97bd2d0a753a,ACTIVE,2025-07-12,2026-07-12,,subsc_9e7c97d5bbfb8f82,2025-07-12T09:41:23Z,2025-07-12T11:16:05Z
subsc_a135636fc99a52c9,sub_53da89a38ca40aff,EXPIRED,2024-02-12,2025-02-11,,,2024-02-12T09:46:44Z,2024-08-24T11:48:14Z
subsc_978dd950f6b99f03,sub_53da89a38ca40aff,EXPIRED,2025-02-12,2026-02-12,,subsc_a135636fc99a52c9,2025-02-12T09:30:04Z,2025-04-07T11:08:37Z
subsc_d33008e964c9e530,sub_53da89a38ca40aff,ACTIVE,2026-02-13,2027-02-13,,subsc_978dd950f6b99f03,2026-02-13T09:00:44Z,2026-02-13T11:21:52Z
subsc_e981bdf6f3041d5b,sub_02b6a133c2c81f77,EXPIRED,2024-03-13,2025-03-13,,,2024-03-13T09:24:05Z,2024-05-03T11:46:51Z
subsc_baa263884a583ebb,sub_02b6a133c2c81f77,EXPIRED,2025-03-14,2026-03-14,,subsc_e981bdf6f3041d5b,2025-03-14T09:08:24Z,2025-03-14T11:49:52Z
subsc_0bf2ea0649655793,sub_02b6a133c2c81f77,ACTIVE,2026-03-15,2027-03-15,,subsc_baa263884a583ebb,2026-03-15T09:36:00Z,2026-05-21T11:39:41Z
subsc_1a3287e268a7d8a0,sub_d83e609561761ad6,EXPIRED,2023-08-27,2024-08-26,,,2023-08-27T09:09:58Z,2023-08-27T11:26:39Z
subsc_e94b59a5eac276f2,sub_d83e609561761ad6,EXPIRED,2024-08-27,2025-08-27,,subsc_1a3287e268a7d8a0,2024-08-27T09:57:06Z,2024-08-27T11:08:48Z
subsc_abcaf7a0040b98d0,sub_d83e609561761ad6,ACTIVE,2025-08-28,2026-08-28,,subsc_e94b59a5eac276f2,2025-08-28T09:27:20Z,2025-08-28T11:50:08Z
subsc_d294b2e8da8fa643,sub_bdaf6f370b93b384,EXPIRED,2023-09-26,2024-09-25,,,2023-09-26T09:38:46Z,2023-09-26T11:38:18Z
subsc_69b5fe2024b4dfa8,sub_bdaf6f370b93b384,EXPIRED,2024-09-26,2025-09-26,,subsc_d294b2e8da8fa643,2024-09-26T09:13:33Z,2024-09-26T11:38:32Z
subsc_f37917541cd274a8,sub_bdaf6f370b93b384,ACTIVE,2025-09-27,2026-09-27,,subsc_69b5fe2024b4dfa8,2025-09-27T09:50:57Z,2025-09-27T11:50:15Z
subsc_0f2572e5093bdee5,sub_9efc7f06849cdabf,EXPIRED,2023-09-07,2024-09-06,,,2023-09-07T09:04:33Z,2023-09-07T11:56:00Z
subsc_2324c06343dbecb0,sub_9efc7f06849cdabf,EXPIRED,2024-09-07,2025-09-07,,subsc_0f2572e5093bdee5,2024-09-07T09:24:55Z,2024-09-07T11:53:36Z
subsc_d6c8a794cc57e85c,sub_9efc7f06849cdabf,ACTIVE,2025-09-08,2026-09-08,,subsc_2324c06343dbecb0,2025-09-08T09:48:30Z,2025-09-08T11:49:04Z
subsc_cbdc6f87eadfeb65,sub_d1671c188e6afe1c,CANCELED,2024-07-28,2024-12-25,2024-12-25,,2024-07-28T09:59:03Z,2024-12-25T11:50:25Z
subsc_dab88584b269ec6c,sub_a33286795857dd2b,EXPIRED,2024-05-28,2025-05-28,,,2024-05-28T09:27:44Z,2024-05-28T11:25:05Z
subsc_a19811641a94d7c7,sub_a33286795857dd2b,ACTIVE,2025-05-29,2026-05-29,,subsc_dab88584b269ec6c,2025-05-29T09:17:05Z,2025-05-29T11:19:05Z
subsc_9c9a4185730a25e0,sub_7660eecf7e66d9cc,EXPIRED,2024-04-23,2025-04-23,,,2024-04-23T09:20:25Z,2024-04-23T11:37:40Z
subsc_44366847b3a7bbaf,sub_7660eecf7e66d9cc,EXPIRED,2025-04-24,2026-04-24,,subsc_9c9a4185730a25e0,2025-04-24T09:19:44Z,2025-04-24T11:27:46Z
subsc_1b0dc4b1d108e4e8,sub_7660eecf7e66d9cc,ACTIVE,2026-04-25,2027-04-25,,subsc_44366847b3a7bbaf,2026-04-25T09:05:59Z,2026-04-25T11:27:07Z
subsc_e667a4477454cdb8,sub_c098b07d05efaf05,EXPIRED,2023-10-28,2024-10-27,,,2023-10-28T09:42:47Z,2023-10-28T11:11:07Z
subsc_9e253ed0dcd177ff,sub_c098b07d05efaf05,CANCELED,2024-10-28,2025-02-15,2025-02-15,subsc_e667a4477454cdb8,2024-10-28T09:10:31Z,2025-02-20T11:22:33Z
subsc_075f7402d20f091f,sub_ce342c249aa85e98,EXPIRED,2023-09-25,2024-09-24,,,2023-09-25T09:08:47Z,2023-09-25T11:49:55Z
subsc_085ee6a2aba98512,sub_ce342c249aa85e98,EXPIRED,2024-09-25,2025-09-25,,subsc_075f7402d20f091f,2024-09-25T09:21:51Z,2024-09-25T11:27:17Z
subsc_77e6314a265f59b0,sub_ce342c249aa85e98,ACTIVE,2025-09-26,2026-09-26,,subsc_085ee6a2aba98512,2025-09-26T09:40:04Z,2025-09-26T11:31:29Z
subsc_ecf2110b3574fc67,sub_965ffedd054b23d0,EXPIRED,2024-03-31,2025-03-31,,,2024-03-31T09:23:10Z,2024-03-31T11:16:49Z
subsc_c609bbf1c5537fef,sub_965ffedd054b23d0,EXPIRED,2025-04-01,2026-04-01,,subsc_ecf2110b3574fc67,2025-04-01T09:14:47Z,2025-04-01T11:32:00Z
subsc_794db990ea931553,sub_965ffedd054b23d0,ACTIVE,2026-04-02,2027-04-02,,subsc_c609bbf1c5537fef,2026-04-02T09:02:30Z,2026-04-02T11:23:24Z
subsc_135a73c31e38461c,sub_a265f74e56329a5f,EXPIRED,2024-09-15,2025-09-15,,,2024-09-15T09:35:51Z,2024-09-15T11:58:45Z
subsc_eb2961bce052be48,sub_a265f74e56329a5f,ACTIVE,2025-09-16,2026-09-16,,subsc_135a73c31e38461c,2025-09-16T09:15:26Z,2025-09-16T11:58:46Z
